position,HGVS_protein,clinical_significance,amenability_score,residual_activity,activity_percent_or_qual,assay_system,PMID,phenotype_neuro_vs_attenuated,trafficking_note,source_notes,last_updated
71,p.Ser71Ile,Pathogenic,10,UNKNOWN,,,,UNKNOWN,,fill from literature,
71,p.Ser71Asn,Pathogenic,10,UNKNOWN,,,,UNKNOWN,,fill from literature,
71,p.Ser71Arg,Pathogenic,10,UNKNOWN,,,,UNKNOWN,,fill from literature,
152,p.Ser152Ile,Pathogenic,10,UNKNOWN,,,,UNKNOWN,,fill from literature,
152,p.Ser152Asn,Pathogenic,10,UNKNOWN,,,,UNKNOWN,,fill from literature,
152,p.Ser152Arg,Pathogenic,10,UNKNOWN,,,,UNKNOWN,,fill from literature,
308,p.Asp308Glu,Pathogenic,10,UNKNOWN,,,,UNKNOWN,,fill from literature,
308,p.Asp308Gly,Pathogenic,10,UNKNOWN,,,,UNKNOWN,,fill from literature,
308,p.Asp308His,Likely pathogenic,10,UNKNOWN,,,,UNKNOWN,,fill from literature,
308,p.Asp308Asn,Pathogenic,10,UNKNOWN,,,,UNKNOWN,,fill from literature,
469,p.Pro469His,Pathogenic,10,UNKNOWN,,,,UNKNOWN,,fill from literature,
469,p.Pro469Leu,Likely pathogenic,10,UNKNOWN,,,,UNKNOWN,,fill from literature,
469,p.Pro469Arg,Likely pathogenic,10,UNKNOWN,,,,UNKNOWN,,fill from literature,
485,p.Ile485Lys,Pathogenic,10,UNKNOWN,,,,UNKNOWN,,fill from literature,
485,p.Ile485Arg,Pathogenic,10,UNKNOWN,,,,UNKNOWN,,fill from literature,
485,p.Ile485Thr,Likely pathogenic,10,UNKNOWN,,,,UNKNOWN,,fill from literature,
108,p.Tyr108Cys,Pathogenic,9,UNKNOWN,,,,UNKNOWN,,fill from literature,
108,p.Tyr108Asp,Likely pathogenic,9,UNKNOWN,,,,UNKNOWN,,fill from literature,
108,p.Tyr108Ser,Pathogenic,9,UNKNOWN,,,,UNKNOWN,,fill from literature,
152,c.454A>T,,9,UNKNOWN,,,,UNKNOWN,,fill from literature,
480,p.Pro480Leu,Pathogenic,9,UNKNOWN,,,,UNKNOWN,,fill from literature,
480,p.Pro480Gln,Pathogenic,9,UNKNOWN,,,,UNKNOWN,,fill from literature,
480,p.Pro480Arg,Pathogenic,9,UNKNOWN,,,,UNKNOWN,,fill from literature,
502,p.Trp502Cys,Pathogenic,9,UNKNOWN,,,,UNKNOWN,,fill from literature,
502,p.Trp502Gly,Pathogenic,9,UNKNOWN,,,,UNKNOWN,,fill from literature,
502,p.Trp502Ser,Pathogenic,9,UNKNOWN,,,,UNKNOWN,,fill from literature,
469,p.Pro469Ala,Variant of uncertain significance,8,UNKNOWN,,,,UNKNOWN,,fill from literature,
480,p.Pro480Ser,,8,UNKNOWN,,,,UNKNOWN,,fill from literature,
108,p.Tyr108His,Variant of uncertain significance,7,UNKNOWN,,,,UNKNOWN,,fill from literature,
502,p.Trp502Arg,Variant of uncertain significance,7,UNKNOWN,,,,UNKNOWN,,fill from literature,
